municipio,PROVINCIA,poblacion,latitud,longitud
Adra,Almería,25195,36.74868325,-3.02330257
Albox,Almería,12311,37.38967753,-2.146835459
Alhama de Almería,Almería,3817,36.95718281,-2.56977648
Almería,Almería,200578,36.83892362,-2.46413188
Antas,Almería,3417,37.24459175,-1.91715315
Arboleas,Almería,4439,37.35116011,-2.0754646
Benahadux,Almería,4643,36.925792,-2.455766
Berja,Almería,12917,36.84732147,-2.94948207
Cantoria,Almería,3573,37.35219371,-2.19324978
Carboneras,Almería,8375,36.99742391,-1.89349648
Cuevas del Almanzora,Almería,15023,37.29705933,-1.880632167
Dalías,Almería,4202,36.82078429,-2.87111055
Gádor,Almería,3029,36.9530923,-2.49279322
Los Gallardos,Almería,3034,37.17027055,-1.9417002
Garrucha,Almería,10336,37.1797194,-1.82347743
Huércal de Almería,Almería,18507,36.87874536,-2.441637878
Huércal-Overa,Almería,20425,37.39055009,-1.94352848
Macael,Almería,5381,37.33233031,-2.30432229
Mojácar,Almería,7386,37.14008707,-1.85016798
Níjar,Almería,32858,36.96577831,-2.206606998
Olula del Río,Almería,6354,37.35213746,-2.298036055
Pechina,Almería,4358,36.91567505,-2.44105175
Pulpí,Almería,11247,37.41211031,-1.745159
Roquetas de Mar,Almería,106510,36.76467854,-2.6150576
Sorbas,Almería,2527,37.09821538,-2.124113
Tabernas,Almería,4032,37.04984427,-2.39150625
Tíjola,Almería,3518,37.34438543,-2.43885542
Turre,Almería,4092,37.15219777,-1.89478231
Vélez-Rubio,Almería,6558,37.64799415,-2.07415558
Vera,Almería,18919,37.24675325,-1.86877507
Viator,Almería,6160,36.88906423,-2.42781271
Vícar,Almería,28245,36.83084658,-2.64392746
Zurgena,Almería,2972,37.34234106,-2.03993235
El Ejido,Almería,89975,36.77576137,-2.81490838
La Mojonera,Almería,8778,36.75456705,-2.68308803
Balanegra,Almería,2931,36.74594326,-2.90884074
Alcalá de los Gazules,Cádiz,5205,36.46294815,-5.72311956
Alcalá del Valle,Cádiz,4995,36.90506622,-5.17259873
Algeciras,Cádiz,123639,36.13137811,-5.44774178
Algodonales,Cádiz,5498,36.88076763,-5.40470441
Arcos de la Frontera,Cádiz,30953,36.74821011,-5.80640518
Barbate,Cádiz,22811,36.19202922,-5.91828263
Los Barrios,Cádiz,24219,36.18524931,-5.49277944
Bornos,Cádiz,7559,36.81705325,-5.74570162
Cádiz,Cádiz,111811,36.52171152,-6.28414575
Castellar de la Frontera,Cádiz,3020,36.28605,-5.42003
Conil de la Frontera,Cádiz,23661,36.27458798,-6.08856877
Chiclana de la Frontera,Cádiz,88709,36.41836916,-6.14620494
Chipiona,Cádiz,19649,36.73790677,-6.44220215
Espera,Cádiz,3802,36.87151829,-5.80597479
Jerez de la Frontera,Cádiz,213231,36.70212746,-6.1287534
Jimena de la Frontera,Cádiz,6675,36.43225697,-5.45548727
La Línea de la Concepción,Cádiz,63773,36.16764411,-5.34715803
Medina Sidonia,Cádiz,11738,36.45604099,-5.92469144
Olvera,Cádiz,7887,36.93513981,-5.26815266
Paterna de Rivera,Cádiz,5441,36.52313758,-5.86591723
Prado del Rey,Cádiz,5634,36.78745433,-5.55753213
El Puerto de Santa María,Cádiz,89813,36.60045754,-6.225395054
Puerto Real,Cádiz,42069,36.52891282,-6.19016115
Puerto Serrano,Cádiz,6929,36.92280153,-5.54691548
Rota,Cádiz,29675,36.62011111,-6.36315877
San Fernando,Cádiz,93927,36.46528609,-6.20514669
Sanlúcar de Barrameda,Cádiz,69805,36.77644555,-6.354381144
San Roque,Cádiz,33646,36.20999986,-5.38401377
Setenil de las Bodegas,Cádiz,2638,36.86116108,-5.18313213
Tarifa,Cádiz,18621,36.0189604,-5.59945188
Trebujena,Cádiz,7000,36.86924138,-6.17660584
Ubrique,Cádiz,16363,36.6779235,-5.44313148
Vejer de la Frontera,Cádiz,12864,36.2529047,-5.97136125
Villamartín,Cádiz,12165,36.86340796,-5.64081376
Benalup-Casas Viejas,Cádiz,7164,36.3433179,-5.81029559
San José del Valle,Cádiz,4486,36.60534292,-5.80077309
San Martín del Tesorillo,Cádiz,2742,36.34215243,-5.31897548
Adamuz,Córdoba,4092,38.02512572,-4.52617749
Aguilar de la Frontera,Córdoba,13282,37.52004219,-4.66061547
Almodóvar del Río,Córdoba,7995,37.80943577,-5.02076595
Baena,Córdoba,18533,37.61318847,-4.32895878
Belalcázar,Córdoba,3138,38.57840844,-5.16635159
Belmez,Córdoba,2802,38.2732496,-5.20945663
Benamejí,Córdoba,4979,37.26716339,-4.53987316
Bujalance,Córdoba,7186,37.89649386,-4.38339381
Cabra,Córdoba,20070,37.47101586,-4.44656669
Cañete de las Torres,Córdoba,2829,37.86729904,-4.31772885
La Carlota,Córdoba,14258,37.67519215,-4.93225379
El Carpio,Córdoba,4327,37.94050285,-4.49948242
Castro del Río,Córdoba,7665,37.69040121,-4.48168693
Córdoba,Córdoba,323763,37.87954225,-4.78032455
Doña Mencía,Córdoba,4511,37.55542058,-4.3594167
Espejo,Córdoba,3209,37.68083913,-4.55377679
Fernán-Núñez,Córdoba,9611,37.66833878,-4.71932943
Fuente Obejuna,Córdoba,4415,38.26702154,-5.41923282
Fuente Palmera,Córdoba,9850,37.70323501,-5.10411463
Hinojosa del Duque,Córdoba,6579,38.50061616,-5.14848249
Hornachuelos,Córdoba,4415,37.83117536,-5.24226581
Iznájar,Córdoba,3804,37.25729642,-4.308217293
Lucena,Córdoba,42813,37.40901404,-4.48451348
Luque,Córdoba,2860,37.55956888,-4.27765852
Montalbán de Córdoba,Córdoba,4465,37.58273217,-4.74928409
Montemayor,Córdoba,3872,37.64747277,-4.69899102
Montilla,Córdoba,22298,37.58629779,-4.640012384
Montoro,Córdoba,9125,38.02639376,-4.38130891
Moriles,Córdoba,3658,37.43498961,-4.60916325
Nueva Carteya,Córdoba,5317,37.58553839,-4.46660548
Palma del Río,Córdoba,20688,37.70113499,-5.28521754
Pedro Abad,Córdoba,2775,37.96637631,-4.45502044
Peñarroya-Pueblonuevo,Córdoba,10317,38.29876873,-5.26610998
Posadas,Córdoba,7256,37.80042527,-5.10716405
Pozoblanco,Córdoba,16946,38.37888591,-4.84958064
Priego de Córdoba,Córdoba,22003,37.43981618,-4.191759
Puente Genil,Córdoba,29781,37.3883058,-4.77225259
La Rambla,Córdoba,7473,37.60858832,-4.74076968
Rute,Córdoba,9779,37.32526431,-4.37022684
Santaella,Córdoba,4640,37.56749755,-4.84662658
Villa del Río,Córdoba,6882,37.98234127,-4.29093006
Villafranca de Córdoba,Córdoba,4866,37.96233796,-4.54554878
Villanueva de Córdoba,Córdoba,8460,38.32241888,-4.62846311
Villaviciosa de Córdoba,Córdoba,3085,38.07637233,-5.0146828
El Viso,Córdoba,2507,38.48377684,-4.95549169
Albolote,Granada,19474,37.23090185,-3.65748033
Albuñol,Granada,7391,36.79129267,-3.20167375
Alfacar,Granada,5688,37.23688695,-3.57046354
Alhama de Granada,Granada,5655,37.0037636,-3.98605626
Alhendín,Granada,10216,37.10823076,-3.64587295
Almuñécar,Granada,27305,36.73441423,-3.69091622
Armilla,Granada,25059,37.14031436,-3.62690297
Atarfe,Granada,20024,37.22271103,-3.6887337
Baza,Granada,20579,37.49077779,-2.77485648
Benalúa,Granada,3324,37.35220557,-3.16508314
Cájar,Granada,5447,37.13433161,-3.57097669
Caniles,Granada,3910,37.43694658,-2.72312271
Cenes de la Vega,Granada,8231,37.15945749,-3.53735586
Cijuela,Granada,3630,37.19984762,-3.81055129
Cúllar,Granada,3965,37.58371761,-2.57596221
Cúllar Vega,Granada,7770,37.15344636,-3.67166338
Chauchina,Granada,5679,37.20165324,-3.77093889
Churriana de la Vega,Granada,16445,37.14885746,-3.64581291
Deifontes,Granada,2624,37.32594516,-3.59424027
Dúrcal,Granada,7233,36.988117,-3.56634078
Fuente Vaqueros,Granada,4594,37.21996834,-3.78484242
Gójar,Granada,6203,37.10477183,-3.60605951
Granada,Granada,230595,37.17641932,-3.60001883
Guadix,Granada,18527,37.30161072,-3.13638082
Gualchos,Granada,5308,36.74323519,-3.39076872
Güéjar Sierra,Granada,2909,37.15955616,-3.43875396
Güevéjar,Granada,2677,37.25714434,-3.59731995
Huéscar,Granada,7220,37.80977052,-2.54009537
Huétor Tájar,Granada,10673,37.19468512,-4.04716859
Huétor Vega,Granada,12159,37.14461301,-3.57174084
Íllora,Granada,9951,37.28611488,-3.88172313
Iznalloz,Granada,5161,37.39201995,-3.53095401
Jun,Granada,4061,37.22140862,-3.59458114
Láchar,Granada,3755,37.19658225,-3.83555349
Lanjarón,Granada,3664,36.91783148,-3.48280867
Loja,Granada,20580,37.166389,-4.149957
Maracena,Granada,22275,37.20723971,-3.63439797
Moclín,Granada,3558,37.3426959,-3.78682853
Molvízar,Granada,2752,36.786737,-3.60797845
Monachil,Granada,8349,37.13135337,-3.53893588
Montefrío,Granada,5376,37.32104934,-4.01052383
Moraleda de Zafayona,Granada,3130,37.16801177,-3.96451008
Motril,Granada,58939,36.74574584,-3.52123441
Ogíjares,Granada,14803,37.11925921,-3.60924803
Órgiva,Granada,5709,36.90119925,-3.42391088
Villa de Otura,Granada,7466,37.09360821,-3.63448477
Padul,Granada,9436,37.02421644,-3.62445156
Peligros,Granada,11676,37.23111512,-3.62811576
Pinos Puente,Granada,9664,37.25412074,-3.74737519
Pulianas,Granada,5559,37.22314913,-3.60688116
Salar,Granada,2617,37.14891071,-4.06768452
Salobreña,Granada,12562,36.74331277,-3.58852615
Santa Fe,Granada,15105,37.18938734,-3.71896428
Ugíjar,Granada,2574,36.9628613,-3.05407988
Vélez de Benaudalla,Granada,3013,36.8327141,-3.51588102
La Zubia,Granada,19885,37.12087703,-3.58508159
Zújar,Granada,2568,37.5401022,-2.8427711
Las Gabias,Granada,22829,37.13643395,-3.66739217
Vegas del Genil,Granada,12165,37.17238201,-3.66575944
Torrenueva Costa,Granada,3115,36.70185722,-3.485816586
Aljaraque,Huelva,22259,37.2723312,-7.02327311
Almonte,Huelva,25233,37.26252304,-6.51747768
Alosno,Huelva,3971,37.54947646,-7.11496253
Aracena,Huelva,8340,37.8894945,-6.56158282
Aroche,Huelva,3030,37.94521471,-6.95381063
Ayamonte,Huelva,21645,37.22437276,-7.40543973
Beas,Huelva,4359,37.42630834,-6.79288327
Bollullos Par del Condado,Huelva,14263,37.33626979,-6.53535271
Bonares,Huelva,6101,37.32109958,-6.68397297
Calañas,Huelva,2754,37.65467658,-6.8787582
Cartaya,Huelva,21128,37.28348056,-7.15548874
Cortegana,Huelva,4649,37.91061264,-6.81961337
Gibraleón,Huelva,12940,37.37613276,-6.97357026
Hinojos,Huelva,4094,37.29250784,-6.37618796
Huelva,Huelva,142532,37.26004113,-6.95040588
Isla Cristina,Huelva,21603,37.20301183,-7.32574306
Lepe,Huelva,28813,37.25515221,-7.20341247
Lucena del Puerto,Huelva,3278,37.30382694,-6.73059967
Minas de Riotinto,Huelva,3703,37.69259178,-6.59127818
Moguer,Huelva,22956,37.27471025,-6.83691754
Nerva,Huelva,5081,37.6948313,-6.5469784
Niebla,Huelva,4244,37.36154941,-6.67961259
La Palma del Condado,Huelva,10726,37.3876449,-6.55312863
Palos de la Frontera,Huelva,12537,37.23054376,-6.891977
Paterna del Campo,Huelva,3465,37.42110994,-6.40156272
Puebla de Guzmán,Huelva,3115,37.61160539,-7.24681154
Punta Umbría,Huelva,16069,37.1777585,-6.95728548
Rociana del Condado,Huelva,8048,37.30797309,-6.59837347
San Bartolomé de la Torre,Huelva,3997,37.44639689,-7.1067949
San Juan del Puerto,Huelva,9659,37.31549608,-6.84116392
Trigueros,Huelva,7989,37.38311439,-6.83379212
Valverde del Camino,Huelva,12655,37.57225802,-6.75345585
Villablanca,Huelva,2921,37.30315158,-7.34273595
Villalba del Alcor,Huelva,3335,37.39718433,-6.47673384
Villanueva de los Castillejos,Huelva,2953,37.50070487,-7.27235309
Zalamea la Real,Huelva,2973,37.68020669,-6.66084235
Alcalá la Real,Jaén,21587,37.45979131,-3.92944941
Alcaudete,Jaén,10265,37.59013356,-4.08750989
Andújar,Jaén,35788,38.03712706,-4.05408787
Arjona,Jaén,5349,37.93559892,-4.05446885
Arjonilla,Jaén,3539,37.9742431,-4.10757675
Baeza,Jaén,15723,37.99003004,-3.4693067
Bailén,Jaén,17211,38.09549321,-3.77583606
Baños de la Encina,Jaén,2558,38.17119919,-3.77426239
Beas de Segura,Jaén,4984,38.2506588,-2.88730567
Begíjar,Jaén,2967,37.98511789,-3.53465053
Cambil,Jaén,2643,37.67738522,-3.56676191
La Carolina,Jaén,14801,38.2759015,-3.61672237
Castellar,Jaén,3173,38.25577383,-3.12877307
Castillo de Locubín,Jaén,3901,37.52907137,-3.94489566
Cazorla,Jaén,7067,37.91223066,-3.00134534
Fuensanta de Martos,Jaén,3023,37.64735327,-3.90576357
La Guardia de Jaén,Jaén,5175,37.74337599,-3.69523974
Guarromán,Jaén,2782,38.18148567,-3.68678524
Huelma,Jaén,5559,37.65066057,-3.4610967
Ibros,Jaén,2737,38.02281711,-3.50218019
Jaén,Jaén,111888,37.7651913,-3.7903594
Jamilena,Jaén,3319,37.74666908,-3.91151158
Jódar,Jaén,11449,37.84139859,-3.35042356
Linares,Jaén,55096,38.0920657,-3.63503009
Lopera,Jaén,3579,37.94392635,-4.21432714
Mancha Real,Jaén,11375,37.78628089,-3.61182745
Marmolejo,Jaén,6586,38.04499845,-4.17086502
Martos,Jaén,24363,37.72361102,-3.96731694
Mengíbar,Jaén,10041,37.96833038,-3.80877666
Navas de San Juan,Jaén,4427,38.18386443,-3.31556715
Peal de Becerro,Jaén,5325,37.91218339,-3.12686117
Pegalajar,Jaén,2822,37.73946634,-3.64910065
Porcuna,Jaén,5975,37.86967238,-4.1843202
Pozo Alcón,Jaén,4594,37.70555969,-2.93451693
Quesada,Jaén,5015,37.84747175,-3.06778027
Rus,Jaén,3453,38.04723586,-3.4618876
Sabiote,Jaén,3823,38.06925563,-3.30737858
Santisteban del Puerto,Jaén,4442,38.2507004,-3.20529254
Torredelcampo,Jaén,13871,37.7704605,-3.89658883
Torredonjimeno,Jaén,13301,37.76767149,-3.95783111
Torreperogil,Jaén,7108,38.03342782,-3.28685384
Úbeda,Jaén,33810,38.01149823,-3.3711916
Valdepeñas de Jaén,Jaén,3566,37.59079444,-3.81968511
Vilches,Jaén,4238,38.20444294,-3.50741052
Villacarrillo,Jaén,10344,38.10893521,-3.08623926
Villanueva de la Reina,Jaén,2964,38.0053734,-3.92019472
Villanueva del Arzobispo,Jaén,7933,38.16962851,-3.0118661
Los Villares,Jaén,6079,37.68911994,-3.81830375
Bedmar y Garcíez,Jaén,2605,37.82311842,-3.40977505
Villatorres,Jaén,4261,37.94123206,-3.7268696
Santiago-Pontones,Jaén,2729,38.11250153,-2.55068654
Alameda,Málaga,5434,37.2094587,-4.66026922
Alcaucín,Málaga,2554,36.90250323,-4.11413368
Algarrobo,Málaga,6773,36.77326211,-4.03990708
Alhaurín de la Torre,Málaga,43674,36.66314911,-4.5604509
Alhaurín el Grande,Málaga,26879,36.641919,-4.691613
Almogía,Málaga,3967,36.82473079,-4.54115435
Álora,Málaga,13512,36.82063001,-4.70685543
Antequera,Málaga,41178,37.0142215,-4.55804451
Archidona,Málaga,8050,37.09717349,-4.39031416
Ardales,Málaga,2522,36.87640909,-4.84547635
Arriate,Málaga,4068,36.79859734,-5.14178234
Benahavís,Málaga,9244,36.52379908,-5.04654321
Benalmádena,Málaga,75801,36.59306145,-4.57241989
Benamocarra,Málaga,3079,36.79007301,-4.15992356
Campillos,Málaga,8435,37.04734424,-4.86223442
Cártama,Málaga,28412,36.71005782,-4.63171653
Casabermeja,Málaga,3910,36.89392649,-4.42957972
Casarabonela,Málaga,2522,36.78480634,-4.84309805
Casares,Málaga,8111,36.44276754,-5.27383141
Coín,Málaga,25023,36.65987005,-4.75958685
Colmenar,Málaga,3494,36.90317629,-4.33648163
Cómpeta,Málaga,3875,36.83280321,-3.9748181
Cortes de la Frontera,Málaga,3014,36.61781253,-5.34243171
Cuevas de San Marcos,Málaga,3647,37.26765901,-4.41410228
Estepona,Málaga,76975,36.42657668,-5.1463572
Frigiliana,Málaga,3322,36.79299972,-3.89875687
Fuengirola,Málaga,85598,36.53902839,-4.62378308
Fuente de Piedra,Málaga,2891,37.1355092,-4.73195066
Humilladero,Málaga,3331,37.11336322,-4.70087934
Málaga,Málaga,586384,36.72034267,-4.41997511
Manilva,Málaga,17857,36.37770216,-5.2505015
Marbella,Málaga,156295,36.50963847,-4.88406637
Mijas,Málaga,91691,36.59339039,-4.63902803
Mollina,Málaga,5413,37.1257807,-4.65776429
Monda,Málaga,2937,36.62984302,-4.83271465
Nerja,Málaga,21913,36.74484684,-3.87667655
Ojén,Málaga,4480,36.563714,-4.857328
Periana,Málaga,3290,36.92659688,-4.19045032
Pizarra,Málaga,9886,36.76719717,-4.70872909
Rincón de la Victoria,Málaga,51300,36.71634307,-4.29230385
Riogordo,Málaga,2795,36.91580161,-4.29359462
Ronda,Málaga,33329,36.73725905,-5.1654186
Sierra de Yeguas,Málaga,3418,37.1240068,-4.86861331
Teba,Málaga,3678,36.98132441,-4.92158172
Torrox,Málaga,20932,36.75862084,-3.95292767
Vélez-Málaga,Málaga,85377,36.7827081,-4.10210923
Villanueva de Algaidas,Málaga,4113,37.18660129,-4.45078097
Villanueva del Rosario,Málaga,3348,36.99699553,-4.36394556
Villanueva del Trabuco,Málaga,5360,37.02928696,-4.33741698
Yunquera,Málaga,2823,36.73128747,-4.92100984
Torremolinos,Málaga,70434,36.62118405,-4.49759729
Villanueva de la Concepción,Málaga,3302,36.92952633,-4.53056286
Albaida del Aljarafe,Sevilla,3254,37.42711042,-6.16648075
Alcalá de Guadaíra,Sevilla,76547,37.33466457,-5.85065057
Alcalá del Río,Sevilla,12288,37.5171086,-5.97857253
Alcolea del Río,Sevilla,3307,37.61469683,-5.67165417
La Algaba,Sevilla,16618,37.46108715,-6.01324202
Almensilla,Sevilla,6537,37.30889164,-6.11334069
Arahal,Sevilla,19491,37.26265472,-5.54476269
Aznalcázar,Sevilla,4820,37.30473423,-6.25236186
Aznalcóllar,Sevilla,6057,37.52281812,-6.26869637
Badolatosa,Sevilla,3089,37.30789829,-4.67235965
Benacazón,Sevilla,7324,37.35305517,-6.19803181
Bollullos de la Mitación,Sevilla,11160,37.34067672,-6.13871172
Bormujos,Sevilla,22780,37.3701151,-6.07106043
Brenes,Sevilla,12804,37.55014055,-5.87315501
Burguillos,Sevilla,7098,37.58682997,-5.96677775
Las Cabezas de San Juan,Sevilla,16400,36.98079112,-5.94075872
Camas,Sevilla,28157,37.40147092,-6.03455435
La Campana,Sevilla,5137,37.56551326,-5.42510324
Cantillana,Sevilla,10782,37.60521841,-5.82628909
Carmona,Sevilla,29551,37.472373,-5.638051
Carrión de los Céspedes,Sevilla,2597,37.36795334,-6.32968463
Casariche,Sevilla,5305,37.29540105,-4.75917554
Castilblanco de los Arroyos,Sevilla,5107,37.67485787,-5.98933717
Castilleja de Guzmán,Sevilla,2874,37.40860133,-6.0548422
Castilleja de la Cuesta,Sevilla,17167,37.38754489,-6.05308137
Cazalla de la Sierra,Sevilla,4660,37.92926967,-5.75874061
Constantina,Sevilla,5742,37.87292437,-5.62009557
Coria del Río,Sevilla,30887,37.28383805,-6.05111441
El Coronil,Sevilla,4690,37.08163152,-5.63458688
Los Corrales,Sevilla,3996,37.09724247,-4.9827313
Dos Hermanas,Sevilla,138981,37.28894862,-5.91334407
Écija,Sevilla,39530,37.54077247,-5.07543598
Espartinas,Sevilla,16505,37.38262852,-6.12488688
Estepa,Sevilla,12373,37.28845167,-4.8765968
Fuentes de Andalucía,Sevilla,7217,37.46271648,-5.34761743
Gelves,Sevilla,10388,37.33847442,-6.02721887
Gerena,Sevilla,7833,37.52460734,-6.1582894
Gilena,Sevilla,3686,37.25226698,-4.91428059
Gines,Sevilla,13481,37.38739578,-6.07790809
Guadalcanal,Sevilla,2545,38.09225368,-5.8214626
Guillena,Sevilla,13682,37.53939693,-6.05232296
Herrera,Sevilla,6544,37.36666181,-4.84797484
Huévar del Aljarafe,Sevilla,3289,37.35710933,-6.27662907
Lantejuela,Sevilla,3851,37.35347559,-5.22361172
Lebrija,Sevilla,27727,36.91958656,-6.08085356
Lora del Río,Sevilla,18316,37.65333439,-5.53035872
La Luisiana,Sevilla,4608,37.52645229,-5.24916945
Mairena del Alcor,Sevilla,24125,37.37311949,-5.74567851
Mairena del Aljarafe,Sevilla,47541,37.34331877,-6.06529774
Marchena,Sevilla,19271,37.33366244,-5.41641222
Marinaleda,Sevilla,2577,37.37115941,-4.96269072
Martín de la Jara,Sevilla,2642,37.10715123,-4.96082158
Los Molares,Sevilla,3559,37.15558787,-5.71962007
Montellano,Sevilla,7003,36.99536489,-5.57079248
Morón de la Frontera,Sevilla,27229,37.12022462,-5.44898927
Olivares,Sevilla,9427,37.4183665,-6.15621373
Osuna,Sevilla,17418,37.23757134,-5.10120623
Los Palacios y Villafranca,Sevilla,38698,37.15743949,-5.9277983
Palomares del Río,Sevilla,9161,37.3227078,-6.05681494
Paradas,Sevilla,6798,37.28989484,-5.49618766
Pedrera,Sevilla,5104,37.22335024,-4.89550627
Peñaflor,Sevilla,3646,37.70741419,-5.34723844
Pilas,Sevilla,14052,37.30120943,-6.30277734
Pruna,Sevilla,2542,36.97277038,-5.22174386
La Puebla de Cazalla,Sevilla,10884,37.22272096,-5.30648646
La Puebla de los Infantes,Sevilla,2966,37.778646,-5.388949
La Puebla del Río,Sevilla,11862,37.26894589,-6.06098644
La Rinconada,Sevilla,40162,37.48806452,-5.97908069
La Roda de Andalucía,Sevilla,4222,37.19940589,-4.7797279
El Rubio,Sevilla,3305,37.35563187,-4.99016115
Salteras,Sevilla,5627,37.41866404,-6.11166812
San Juan de Aznalfarache,Sevilla,22472,37.36584669,-6.02715361
Sanlúcar la Mayor,Sevilla,14172,37.38407444,-6.20123512
Santiponce,Sevilla,8539,37.43302379,-6.03627975
El Saucejo,Sevilla,4246,37.07107032,-5.09744762
Sevilla,Sevilla,684025,37.38620512,-5.99251368
Tocina,Sevilla,9420,37.61059891,-5.73448545
Tomares,Sevilla,25374,37.37503003,-6.04697812
Umbrete,Sevilla,9376,37.36979771,-6.15767822
Utrera,Sevilla,51718,37.17935222,-5.78089198
Valencina de la Concepción,Sevilla,8029,37.41595233,-6.07689896
Villamanrique de la Condesa,Sevilla,4640,37.24619138,-6.30651195
Villanueva del Ariscal,Sevilla,6814,37.3956232,-6.14127425
Villanueva del Río y Minas,Sevilla,4939,37.65723193,-5.711748
Villaverde del Río,Sevilla,7700,37.58785018,-5.8734948
El Viso del Alcor,Sevilla,19265,37.38897534,-5.71853155
Cañada Rosal,Sevilla,3391,37.59873915,-5.21129413
Isla Mayor,Sevilla,5741,37.13384448,-6.16284896
El Cuervo de Sevilla,Sevilla,8635,36.85104185,-6.03991511
